-- phpMyAdmin SQL Dump
-- version 4.5.4.1deb2ubuntu2
-- http://www.phpmyadmin.net
--
-- Host: localhost
-- Generation Time: Aug 12, 2018 at 06:41 PM
-- Server version: 5.7.23-0ubuntu0.16.04.1
-- PHP Version: 7.0.30-0ubuntu0.16.04.1

SET SQL_MODE = "NO_AUTO_VALUE_ON_ZERO";
SET time_zone = "+00:00";


/*!40101 SET @OLD_CHARACTER_SET_CLIENT=@@CHARACTER_SET_CLIENT */;
/*!40101 SET @OLD_CHARACTER_SET_RESULTS=@@CHARACTER_SET_RESULTS */;
/*!40101 SET @OLD_COLLATION_CONNECTION=@@COLLATION_CONNECTION */;
/*!40101 SET NAMES utf8mb4 */;

--
-- Database: `fw`
--

-- --------------------------------------------------------

--
-- Table structure for table `category`
--

CREATE TABLE `category` (
  `id` int(11) NOT NULL,
  `name` varchar(255) NOT NULL,
  `description` varchar(255) CHARACTER SET utf32 NOT NULL,
  `keyword` varchar(255) NOT NULL
) ENGINE=InnoDB DEFAULT CHARSET=utf8;

--
-- Dumping data for table `category`
--

INSERT INTO `category` (`id`, `name`, `description`, `keyword`) VALUES
(1, 'music', 'description for category music', 'key for category music'),
(2, 'IT', 'description for category IT', 'key for category IT'),
(3, 'nature', 'description for category nature', 'key for category nature'),
(4, 'people', 'description for category people', 'key for category people'),
(5, 'political', 'description for category political', 'key for category political'),
(6, 'busines', 'description for category busines', 'key for category busines'),
(7, 'analitics', 'description for category analitics', 'keyword for category analitics');

-- --------------------------------------------------------

--
-- Table structure for table `comment`
--

CREATE TABLE `comment` (
  `id` int(11) NOT NULL,
  `user_id` int(11) NOT NULL,
  `news_id` int(11) NOT NULL,
  `text` text NOT NULL,
  `political` enum('0','1') NOT NULL,
  `date_create` datetime NOT NULL
) ENGINE=InnoDB DEFAULT CHARSET=utf8;

--
-- Dumping data for table `comment`
--

INSERT INTO `comment` (`id`, `user_id`, `news_id`, `text`, `political`, `date_create`) VALUES
(451, 1, 37, 'aaa', '0', '2018-07-07 15:52:37'),
(452, 1, 37, 'aaa', '0', '2018-07-07 15:52:42'),
(453, 1, 37, 'aaa', '0', '2018-07-07 15:52:47'),
(454, 1, 37, 'kf', '0', '2018-07-07 15:52:56'),
(455, 1, 37, '111111', '0', '2018-07-08 08:26:16'),
(456, 1, 7, '11111222222222', '1', '2018-07-08 08:26:33'),
(457, 1, 37, 'sdffd', '0', '2018-07-08 08:28:33'),
(458, 2, 37, 'wefew', '0', '2018-07-08 08:29:52'),
(459, 2, 32, 'haaa', '0', '2018-08-09 12:47:39'),
(460, 2, 32, 'aaa', '0', '2018-08-09 12:48:05');

-- --------------------------------------------------------

--
-- Table structure for table `likes`
--

CREATE TABLE `likes` (
  `id` int(11) NOT NULL,
  `comment_id` int(11) NOT NULL,
  `user_id` int(11) NOT NULL,
  `news_id` int(11) NOT NULL,
  `count_likes` int(11) NOT NULL DEFAULT '0',
  `pluse` enum('0','1') NOT NULL,
  `minus` enum('0','1') NOT NULL
) ENGINE=InnoDB DEFAULT CHARSET=utf8;

--
-- Dumping data for table `likes`
--

INSERT INTO `likes` (`id`, `comment_id`, `user_id`, `news_id`, `count_likes`, `pluse`, `minus`) VALUES
(98, 451, 2, 37, 2, '1', '0'),
(99, 452, 2, 37, 1, '1', '0'),
(100, 453, 2, 37, 1, '0', '1'),
(101, 454, 2, 37, 1, '0', '1'),
(102, 455, 0, 37, 0, '0', '0'),
(103, 456, 0, 7, 0, '0', '0'),
(104, 457, 0, 37, 0, '0', '0'),
(105, 458, 0, 37, 0, '0', '0'),
(106, 459, 0, 32, 0, '0', '0'),
(107, 460, 5, 32, 1, '1', '0');

-- --------------------------------------------------------

--
-- Table structure for table `news`
--

CREATE TABLE `news` (
  `id` int(11) NOT NULL,
  `category_id` int(11) NOT NULL,
  `user_id` int(11) NOT NULL,
  `name` varchar(255) DEFAULT NULL,
  `text` text,
  `image` varchar(255) NOT NULL DEFAULT 'no-image.png',
  `hits` int(11) NOT NULL DEFAULT '0',
  `tag` varchar(255) DEFAULT NULL,
  `analitics` enum('0','1') NOT NULL DEFAULT '0',
  `political` enum('0','1') DEFAULT '0',
  `date_create` datetime NOT NULL
) ENGINE=InnoDB DEFAULT CHARSET=utf8;

--
-- Dumping data for table `news`
--

INSERT INTO `news` (`id`, `category_id`, `user_id`, `name`, `text`, `image`, `hits`, `tag`, `analitics`, `political`, `date_create`) VALUES
(1, 5, 1, 'Суд в Днепре вернул Нацбанку иски к Коломойскому', 'Хозяйственный суд Днепропетровской области вернул Национальному банку иски, поданные в июне к бывшему совладельцу ПриватБанка Игорю Коломойскому, по взысканию 4,855 млрд грн.\r\n\r\nОб этом со ссылкой на материалы суда пишет профильное издание FinClub.\r\n\r\n9 июня Национальный банк подал 4 иска к Коломойскому в Хозсуд Днепропетровской области. Цель исков - обеспечить погашение кредитов рефинансирования, которые НБУ предоставил ПриватБанку в период между 2008 и 2015 годами. Коломойский был поручителем по 4 кредитным договорам: от 24 октября 2008 года (задолженность 1,287 млрд грн); от 3 марта 2009 года (задолженность 1,799 млрд грн); от 2 октября 2014 года (задолженность 503,1 млн грн); от 5 декабря 2014 года (задолженность 1,266 млрд грн).\r\n\r\nЧитайте: Книга: Приватная история\r\nВсего НБУ потребовал взыскать с Коломойского как поручителя по кредитам рефинансирования – 4,855 млрд грн. По данным НБУ, Коломойский стал поручителем по этим кредитам 27 мая и 5 августа 2016 года.\r\nОднако суд отказал Нацбанку в открытии судебного производства. В Миграционной службе суду сообщили, что бывший совладелец Приватбанка снялся с регистрации в Днепропетровской области 23 марта 2017 года. Кроме того, судом установлено, что Коломойский 11 октября и 13 октября 2017 года продал свои квартиры. При этом суд не нашел другой недвижимости у бизнесмена. В то же время Коломойский был принят на временный консульский учет в Швейцарии с 27 января 2016 по 1 июля 2020 годы. Его местом жительства сейчас является Женева.\r\n\r\nВ связи с этим, суд вернул иски НБУ с требованием направить их по месту жительства истца.\r\n\r\nНапомним, 11 июня НБУ сообщил, что подал два пакета исков против Игоря Коломойского, бывшего совладельца Приватбанка, - по месту его жительства в Суд первой инстанции в Женеве и в Хозяйственный суд Днепропетровской области, по месту нахождения активов Коломойского в Украине.Цель исков - обеспечить погашение кредитов рефинансирования, которые Национальный банк предоставил Приватбанку в период между 2008 и 2015 годами. В общем иски направлены на погашение задолженности по пяти кредитным договорам на сумму около 10 млрд гривен.\r\n\r\nМежду Приватбанком и его бывшими владельцами сейчас ведутся судебные разбирательтсва в Лондонском суде. В конце прошлого года он заморозил активы Коломойского и Геннадия Боголюбова по всему миру на $2,5 млрд в качестве обеспечительной меры по иску государственного Приватбанка, который подозревает экс-владельцев в выводе денег.\r\n\r\n21 декабря 2016 года Приватбанк перешел в госсобственность. Государство получило 100% в его капитале и потратило десятки миллиардов гривен на его докапитализацию.', 'no-image.png', 26, 'украина,законы', '1', '1', '2018-06-20 13:31:33'),
(2, 5, 1, 'Остановят ли США «Северный поток-2»', 'Американский журнал Foreign Policy, ссылаясь на источники, знакомые с ситуацией в Белом доме, утверждает, что администрация Дональда Трампа не остановится ни перед чем, чтобы заблокировать «Северный поток-2».\r\n\r\nОбсуждаются различные способы блокировки данного проекта. При этом санкции против компаний, связанных со строительством газопровода, рассматриваются как наиболее вероятный вариант. Прошлым летом американский Конгресс принял законопроект, который дает возможность подобные санкции реализовать. Такая позиция США противостоит действиям Германии и некоторых других стран ЕС в отношении «Северного потока-2». В этих условиях возникает естественный вопрос : смогут ли Соединенные Штаты остановить наступление российского «Газпрома» в Европе? А то, похоже, больше некому это сделать.', 'no-image.png', 47, 'страны,законы', '1', '1', '2018-06-21 18:35:15'),
(3, 5, 1, 'Новый закон о валюте. Что меняется?', 'Разрешить нельзя запретить\r\nНа прошлой неделе Верховная Рада проголосовала за принятия закона «О валюте», необходимость которого обсуждалась последние несколько лет. Он сменил декрет, регулировавший валютные операции украинцев, который действовал еще с 1993 года. В Нацбанке заявляли, что правила давно устарели и причиняют лишь неудобства.\r\n\r\n«Действующее валютное законодательство потеряло эффективность и не сдерживает отток капитала. Более того, архаичная система валютного регулирования, построенная вокруг Декрета о валютном регулировании, превратилась в одну из преград для притока капитала в Украину», - пояснял ранее глава Нацбанка Яков Смолий. \r\n\r\nПринцип «разрешено все, что не запрещено», который активно декларирует в законе Нацбанк, должен снять ограничения при работе с валютой.\r\n\r\n«Либерализация валютного рынка, прежде всего, снижает бюрократическую нагрузку на всех экономических субъектов, упрощает ведение внешнеэкономической деятельности и существенно улучшает инвестиционный климат – иностранные инвесторы гораздо охотнее будут вкладывать в украинскую экономику, если у них будет возможность без ограничений и сложных процедур выводить свои инвестиции», - говорит начальник отдела продаж казначейских продуктов ОТП Банка Юрий Крохмаль.\r\n\r\nЧитайте: Книга: Приватная история\r\nВпрочем, как будет выполняться принцип послабления всех предыдущих запретов, можно будет увидеть только на практике. Нацбанк все-таки оставил для себя возможности регулировать рынок и закручивать гайки в случае каких-то колебаний. Если он увидит, что финансовая система становится неустойчивой и ей что-то угрожает, то сможет устанавливать норму обязательной продажи части валютных поступлений, граничные сроки расчетов по экспортно-импортным контрактам, вводить требования к операциям, связанным с движением капитала, а также другие ограничительные нормы.\r\n\r\nИностранный вывод\r\nГлавной нормой закона, которую ждали и обсуждали больше всего, является разрешение для всех граждан без проблем инвестировать средства за рубеж. Еще до прошлого лета это вообще было противозаконно - Нацбанк и правительство опасались, что украинцы выведут из страны слишком много средств, и просто не разрешали это делать легально. Впрочем, это не мешало бизнесменам и политикам спокойно совершать крупные инвестиции и сделки через оффшорные компании.\r\n\r\nЧитайте: Яків Смолій: "Курс, який НБУ взяв у 2014 році, залишається"\r\nВ июне прошлого года произошла некоторая либерализация - гражданам разрешили инвестировать до 50 тыс. долл. в год, получив электронную лицензию у Нацбанка. Теперь же для того, чтобы купить, к примеру, квартиру на Кипре или открыть счет в каком-то зарубежном банке, не нужно будет и этого. Достаточно будет просто пройти в банке стандартную процедуру контроля и можно будет вкладывать сбережения в любые иностранные активы.\r\n', 'no-image.png', 75, NULL, '1', '1', '2018-06-21 09:46:16'),
(4, 5, 1, 'Глава набсовета Приватбанка: экономического смысла в зарубежном бизнесе банка нет', 'Когда бывший министр финансов Украины Александр Данилюк в январе 2017 года представлял нового главу набсовета только-только национализированного Приватбанка, он назвал его "легендарным банкиром, который в свое время помог Турции преодолеть финансовый кризис".\r\n\r\nЭнгин Акчакоча в самом деле был директором турецкого Kocbank AS с 1991 до 2000 годы. В 2001, в разгар крупнейшего экономического кризиса в Турции, был назначен председателем Агентства по банковскому регулированию и надзору (BRSA) и Фонда гарантирования сберегательных вкладов (SDIF). То есть, перенося этот опыт на украинские реалии, был одновременно и главой центробанка, и главой Фонда гарантирования. Энгин Акчакоча занимался реформой банковского сектора Турции до 2004 года, а затем работал консультантом МВФ в центробанках Нигерии и Кыргызстана. Сегодня "человек из МВФ" возглавляет наблюдательный совет крупнейшего украинского банка.\r\n\r\nНа прошлой неделе журналисту LB.ua удалось задать господину Акчакоче несколько вопросов во время короткой встречи. Говорили о том, как и когда будет продаваться Приватбанк, возможны ли новые переговоры с бывшими акционерами и что будет с иностранным бизнесом банка.\r\n\r\n', 'no-image.png', 53, NULL, '0', '1', '2018-06-22 18:17:29'),
(5, 5, 2, 'Голова ДАБІ Кудрявцев: «Протести є дієвим механізмом боротьби з неоднозначними забудовами»', 'Як діяти, якщо поблизу вашого будинку розпочалася незаконна забудова? Куди скаржитися, якщо на місці парку намагаються облаштувати парковку або «притулити» черговий торгівельний центр туди, де йому явно не місце? Відповіді на ці питання наразі часто хвилюють киян. Втім, не тільки киян, проблема неоднозначних будівництв знайома мешканцям чи не всіх великих міст.\r\n\r\nОлексій Кудрявцев – голова Державної архітектурної інспекції (що підпорядковується Мінрегіонбуду Геннадія Зубка) за все це відповідає за посадою. Стверджує: за останні три роки (період його каденції у відомстві) кількість незаконних будівництв в столиці зменшилась. А те, що не з усіма ними виходить справитися – збіг низки фаткорів. Аби розставити точки над «і» LB.ua вирішив поспілкуватися з паном Кудрявцевим напряму.', 'no-image.png', 65, NULL, '0', '1', '2018-06-24 19:16:35'),
(6, 5, 2, 'Беларусь: крипторай за высоким забором', 'В феврале в Киеве на круглом столе «Законодательное регулирование криптовалют» (который собрал представителей власти, блокчейн-бизнеса и юристов) я был удивлен тем, насколько у украинцев было искажено восприятие белорусского декрета №8. Они судили о новом белорусском IT-законодательстве по восторженным отзывам в прессе, которых тогда было очень много. Впечатлившись этим, в Украине решали, как предложить блокчейн-бизнесам со всего мира условия, «которые были бы лучше, чем в Беларуси».\r\n\r\nЧитайте: Криптобизнесмен Чобанян: "Национальная криптовалюта поможет решить вопрос тотального недоверия к госорганам"\r\nМногие украинские предприниматели, работающие в криптовалютной сфере, последние полгода изучают возможность перевести свой бизнес в Беларусь. Но чем больше украинских IT-бизнесменов знакомится с белорусскими реалиями – тем больше и разочаровывается. Я встречал их, только приехавших в Минск и воодушевленных перспективами, а потом встречался с ними в Киеве – и выслушивал рассказ о том, что «в Беларуси все не так, как писали в наших газетах». Проще говоря, те, кто читал о преимуществах декрета №8, в Минске убеждались в том, что нормативно-правовой базы под него до сих пор нет, а развитием IT-сферы руководят «ничего не понимающие в технологиях чиновники и невнятные дядьки из администрации ПВТ» (цитата одного из разочаровавшихся бизнесменов).\r\n\r\nКак строили IT-страну\r\nНа протяжении всего 2017 года в Беларуси готовился необычный документ, который в обществе назвали «Декрет об IT-стране», а официально – «Президентский Декрет №8 О развитии цифровой экономики». После его подписания Беларусь стала единственной в мире страной, в которой официально признаны все самые новые технологии – от криптовалют (вместе с майнингом и ICO) до беспилотных автомобилей, искусственного интеллекта и смарт-контрактов.', 'no-image.png', 78, NULL, '0', '1', '2018-06-24 05:34:43'),
(7, 5, 2, 'Золотые квадратные метры. Почему реформирование налога на недвижимость опять актуально', 'Ставки налога на жилую или нежилую недвижимость, которая находится в собственности физических или юридических лиц, согласно Налоговому кодексу, устанавливаются по решению сельского, поселкового, городского совета или совета объединенных территориальных общин, в размере, не превышающем 1,5% размера минимальной заработной платы, установленной законом на 1 января отчетного года, за 1 м2 базы.\r\n\r\nЧитайте: Книга. "Економіка. Інструкція з використання" Ха-Юн Чанґа\r\nЕсли минимальная заработная плата на 01.01.2017 г. определена в размере 3200 грн, то предельный размер ставок, предусмотренный для расчета налога в 2018 г. (за отчетный 2017) не должен 48 грн за 1 м2 базы налогообложения.База налогообложения объекта жилой недвижимости, в том числе их долей, находящихся в собственности физического лица уменьшается:\r\n\r\nдля квартиры / квартир независимо от их количества - на 60 кв. метров;\r\nдля жилого дома / домов независимо от их количества - на 120 кв. метров;\r\nдля различных типов объектов жилой недвижимости, в том числе их долей (в случае одновременного нахождения в собственности налогоплательщика квартиры / квартир и жилого дома / домов, в том числе их частей) - на 180 кв. метров.\r\nТо есть, если вы собственник квартиры площадью 120 кв.м, то базой налогообложения для вас будет площадь в 60 кв.м и заплатить вам придется 2880 грн. Если вы владеете квартирой в 100 кв.м. и домом в 150 кв.м - то базой налогообложения будут 70 кв.м и за оба объекта вы уплатите максимум 3360 грн. Многих это подсчеты заставят удивиться, ведь владелец одной квартиры платит немногим меньше, чем собственник и квартиры, и дома. еще больше они удивятся, когда узнают, что какой-то собственник вообще может не платить этот налог, ведь местные власти наделены правом устанавливать по нему налоговые льготы на собственное усмотрение.\r\n\r\nА ведь в свое время налог на имущество вводился именно как «налог на роскошь» и предполагалось, что заставив владельцев заводов и пароходов заплатить за нажитое непосильным трудом, мы наполним местные бюджеты и сможем хоть ненамного, но улучшить жизнь тех, кому ни заводов, ни пароходов не досталось.\r\nУвы, надежды по ряду причин не оправдались. В прошлом году утвержденный местными советами налог на недвижимость должен был принести регионам 1,9 млрд грн, но фактические поступления по итогам года были выше - 2,4 млрд грн. Столица - безоговорочный лидер, там собрали почти 450 млн грн этого налога. При этом в Киевской области, где число элитного жилья не меньше, чем в самом Киеве, лишь на пятом месте по сборам - 195 млн грн. На втором, третьем и четвертом местах - Одесская (264 млн), Харьковская (235 млн) и Днепропетровская (225 млн) области.', 'no-image.png', 34, NULL, '0', '1', '2018-06-27 04:52:27'),
(8, 2, 1, '15 интересных фактов про Марка Цукерберга, которых вы могли не знать', 'Отказался от $950 000, будучи студентом старшей школы\r\nКогда Цукерберг учился в старших классах, вместе с одноклассником Адамом Ди-Анжело (который позже основал Quora) создали программу под названием Synapse Media Player для школьного проекта. По сути это был MP3-плеер, который умел вычислять любимые песни пользователя и формировать плейлисты на основании его предпочтений. Удивительная разработка для тех времен.\r\n\r\nО ней написало издание, посвященное технологиям, после чего на проект обратили внимание гиганты того времени, которые стояли за такими сервисами, как WinAmp, Windows Media player, Moodlogic, MusicMatch. Одна из компаний предложила купить сервис $950 000 при условии, что Цукерберг и Ди-Анжело пойдут работать в компанию, но Марк хотел пойти в колледж, и ребята отвергли предложение. Этой компанией была Microsoft. Вместо продажи ребята запатентовали технологию, потратив на это $12 000.\r\n\r\nУ него своеобразные вкусы на литературу и кино\r\nОдна из его любимых книг — «Энеида», а ТВ-шоу — The West Wing («Западное крыло»), автором которого был тот самый Аарон Соркин, который спустя много лет напишет сценарий для фильма «Социальная сеть» о создании Марком Цукербергом Facebook.\r\n\r\nОн не всегда был крутым программистом\r\nЦукерберг научился кодить по книжке «C++ для чайников».\r\n\r\nЗнает не только языки программирования, но и древние языки\r\nВ частности, он изучает латынь и может вполне достойно объясниться на мандаринском наречии китайского языка.\r\n\r\nОтказал семи компаниям в продаже Facebook. Некоторые из них сегодня стагнируют\r\nКупить соцсеть пытались NewsCorp, MySpace, Viacom, Yahoo, NBC, Microsoft и Google, но Цукерберг отказал им всем, оставив компанию за собой.\r\n\r\nПознакомился с будущей женой в прачечной\r\nБудущие супруги и родители двоих детей Марк Цукерберг и доктор Присцилла Ченг сегодня жертвуют миллионы долларов на благотворительность. Познакомились он при гораздо более прозаичных обстоятельствах — в очереди в прачечную в кампусе Гарвардского университета.\r\nЦукерберг — фанат Стива Джобса\r\nАгрессивный стиль лидерства Джобса вдохновил Цукерберга на слоган его первых визиток в качестве гендиректора Facebook: «Я СЕО, сучьки».\r\n\r\nОн есть в Twitter\r\nНо не очень-то активен в нем. С 2009 года Марк написал всего 19 твитов.\r\n\r\nПеревыполнил план по фитнесу\r\nНа 2016 году Цукерберг поставил перед собой цель пробежать 365 миль за год. Он достиг цели уже к середине лета.\r\n\r\nЕго Facebook-аккаунтом занимается целая команда специально обученных людей\r\nРанее стало известно, что команда из 12 человек работает с аккаунтом Марка Цукерберга в его собственной соцсети. Они мониторят комментарии, пишут за него посты и делают те самые фотографии, которые затем появляются на странице.\r\n\r\nРьяно оберегает свою частную жизнь\r\nВ 2014 году он купил кусок острова на Гавайях за $100 млн, и лишь недавно передумал судиться с людьми, которые владеют некоторыми участками на протяжении поколений. Он также пытался снести четыре дома по соседству с его владениями в Пало-Альто.\r\n\r\nОн не очень высокий\r\nРост Марка Цукерберга не превышает 173 см, однако на фотографиях он кажется выше. А все потому, что в его арсенале есть несколько трюков. В частности, он всегда позирует, расправив плечи и вытянувшись в струну. Кроме того, Марк старается подойти поближе к камере или быть на уровне выше, чем находится фотограф.\r\n\r\nСкучные футболки, которые носит Цукерберг, стоят по $300-$400\r\nОснователь Facebook, он же один из богатейших людей в мире технологий, всегда носит одно и то же. Его часто можно встретить в скучных серых футболках без принтов. Но скучные они только до тех пор, пока не посмотришь на ценник. Оказывается культовые серые футболки Цукерберга делает дизайнер Брунелло Кучинелли, а стоят они по $300-400 за штуку.', 'no-image.png', 178, NULL, '0', '0', '2018-06-28 20:31:41'),
(9, 2, 1, 'Digital Future инвестирует в украинский маркетинговый стартап Signalayer', 'Киевская инвестиционная компания Digital Future сообщила о сделке с украинским стартапом Signalayer. В фонде не разглашают сумму, однако известно, что речь идет о посевных инвестициях. Как правило, Digital Future инвестирует $50 000-100 000 на ранней посевной стадии или $200 000-400 000 — на более поздней.\r\n\r\nSignalayer разрабатывает инструмент для b2c-маркетологов, который призван помочь им значительно урезать маркетинговый цикл продуктов. С помощью данного решения маркетологи смогут тестировать и управлять инструментами вовлечения аудитории на сайтах, такими как всплывающие подсказки, пуш-уведомления, боковые панели и другие инструменты. В стартапе говорят, что инструмент будет полезен для тех, кто запускает кампании на десятках разных сайтов одновременно и на разных языках.\r\n\r\n«Мы решаем две проблемы. Первая: в большой компании маркетолог является заложником разработчиков. Ему нужно экспериментировать, выкатывать на сайт различные кампании, но это упирается в циклы разработки. Мы решаем эту проблему — наш продукт устанавливается на сайт один раз, и маркетолог может самостоятельно создавать, настраивать и публиковать кампании моментально, без вмешательства разработчика. Вторая: продукт помогает маркетологу гибко настраивать дизайн (есть шаблоны), а также настраивать сегментацию (кому показать), триггеры (при каком поведении посетителя), планировать их наперед (расписание) и смотреть аналитику (результаты кампании), — рассказал AIN.UA основатель Signalayer Роман Задырако.\r\n\r\nНаш канал — это on-page marketing campaigns, по сути — попапы. И мы помогаем сделать их менее назойливыми, таким образом увеличивая конверсию».\r\nГодовой контракт с Signalayer, в зависимости от объема трафика, стоит от $30 000 до $50 000 в год. У продукта уже есть первые клиенты: TVG, Betfair, Brandpoint, Loblaws. На привлеченные средства Signalayer планирует нанять специалистов по продажам, а также усилить разработку продукта.\r\n\r\nСтартапу три года, чуть больше года назад команда сделала пивот в маркетинг. На сегодня в Signalayer работает три человека: Роман и два разработчика.', 'no-image.png', 2, NULL, '0', '0', '2018-06-26 08:37:21'),
(10, 2, 1, 'Украинский стартап Raccoon получил 50 000 евро от Horizon 2020 на разработку устройств для реабилитации', 'Идея создать реабилитационный инструмент Raccoon.Recovery пришла команде на выставке TechCrunch Disrupt, где стартап показывал свою клипсу для VR и видеоигр Raccoon.Clip. «К стенду подошел мальчик. В разговоре мы узнали, что из-за ДЦП он не справлялся с обычными контроллерами и потому не мог играть в видеоигры. С Raccoon.Clip это у него получилось впервые. Для нас этот момент тоже стал переломным. Мы пообщались с людьми, которые предзаказали устройство, и выяснили, что многие выбрали его как раз из-за форм-фактора, так как у них были проблемы с руками после травм, инсульта и пр.», — рассказали AIN.UA в стартапе. После этого Raccoon нацелился на медтех.\r\nСейчас продукт находится на стадии беты: готов прототип контроллера и MVP программного обеспечения, запущены пилоты в трех украинских клиниках и одном реабилитационном центре, а также в двух реабилитационных центрах в США. «Во время пилотов мы собираем фидбек по форм-фактору контроллера и функционалу ПО для дальнейшей доработки решения перед выходом на рынок», — пояснили в Raccoon.\r\n\r\nЧерез полгода Raccoon предоставит результаты на рассмотрение комиссии, после чего планирует подаваться на вторую фазу программы, чтобы получить дополнительное финансирование 0,5-2,5 млн евро.\r\n\r\nНа сегодня команда стартапа насчитывает 12 человек: 4 занимаются bizdev и маркетингом, 4 — разработкой железа и ПО, 2 — практикующие реабилитологи, MBA-бизнес-консультант и консультант по финансам. Общая сумма инвестиций, привлеченных Raccoon, составляет $280 000 ($210 000 от инвесторов, $70 000 — гранты Vernadsky Challenge, CRDF, Horizon 2020). Чтобы завершить разработку продукта до середины следующего года, команда ищет дополнительные инвестиции в размере 430 000 евро.', 'no-image.png', 289, NULL, '0', '0', '2018-06-28 05:32:27'),
(11, 2, 2, 'Мнение: чтобы добиться успеха, стартапы должны быть к нему готовы', 'Удвойте усилия, направленные на проектирование баз данных\r\nВ современных приложениях все упирается в данные и масштабируемость базы транзакций. Гибкая облачная инфраструктура упростила создание архитектуры, но это все равно должно быть одним из ваших ключевых приоритетов. Потенциальный покупатель захочет увидеть, что если вы способны обслуживать 1000 покупателей сегодня, вам под силу работать на 10 000 или 100 000 клиентов в ближайшие сроки.\r\n\r\nДаже если вы сможете оперативно развернуть новые сервера под базу данных в облаке, то столкнетесь с проблемами их взаимодействия. Все ведь не упирается в то, чтобы запустить десять серверов вместо одного. С точки зрения дизайна приложения, вам по-прежнему нужно поддерживать их в гармонии. Обычно требуются дополнительные усилия, чтобы последовательно применять данные с нескольких серверов. \r\n\r\nНедоработки в этой области обычно проявляются после масштабирования — а это точка, в которой что-то менять уже слишком поздно. Если вы не построили все с запасом изначально, дорабатывать систему в процессе будет очень сложно.\r\n\r\nНе забывайте про интерфейс\r\nМасштабируемость — это не только про бек-энд. Я знал один стартап, в числе первых клиентов которого был ныне популярный райд-шеринговый сервис. В тот момент большинство клиентов стартапа вели всего по 20 открытых транзакций одновременно. Внутреннее веб-приложение поддерживало до 50 транзакций — то есть в два с половиной раза больше. Что могло пойти не так?\r\n\r\nРайд-шеринговый сервис взлетел и, внезапно, в очереди на обработку оказались сотни и тысячи транзакций. Никто не подумал о подобном, так что когда сервер начинал обрабатывать данные, система попросту «ложилась» из-за одновременной обработки всех данных.\r\n\r\nУрок, который я извлек из этой истории — держите в уме неожиданный, беспочвенный успех. Вы никогда не знаете, когда спрос взлетит вверх. Все части приложения нужно разрабатывать для гораздо большей пиковой нагрузки, чем есть сейчас. И это касается не только отдельных сервисов, но и обмена данными между ними.\r\n\r\nЕсли вы будете рассчитывать, исходя из нынешнего трафика, то никогда не окажетесь готовы для крупных возможностей. Если вы будете готовы для органического роста, то не будете готовы и для поглощения.\r\n\r\nУважайте устойчивость\r\nБлизкое к масштабируемости — и не менее важное качество — устойчивость. Все вокруг ломается. И когда это происходит, возвращаться в норму система тоже должна нормально. Когда оборвется соединение или в вашем коде окажется баг, как поведет себя сервис? Все обрушится или перестанет работать только отдельная функция?\r\n\r\nПроверяли ли вы, что произойдет при обрушении отдельных компонентов? Можно ли будет ввести в строй новые сервера и перераспределить нагрузку? Перехватят ли они незавершенные задачи?\r\n\r\nЧто насчет сети? Второй по опасности инфраструктурный аспект, с точки зрения устойчивости, это файрволл. Некоторые администраторы устанавливают жестокие файрволл-правила и, внезапно, отрезают от доступа критически важные серверы. Вы можете потерять доступ к стороннему обработчику платежей, картографическим сервисам и другим дополнительным блокам, из которых собраны современные приложения.\r\n\r\nЛучший способ — начать с полностью заблокированного брендмауэра и потом добавляться туда исключения, открывая нужные порты. Так у службы безопасности будет записи о том, какие причины объясняют открытие каждого из них.\r\n\r\nНадежно все заприте\r\nКаждая организация уязвима к кибератакам, как бы мала она ни была. Но как только вы станете бизнесом масштаба Fortune 500, уровень угрозы резко возрастает. Преступники попытаются добраться до вас изо всех сил. Компания, которая захочет вас поглотить, будет об этом осведомлена и захочет увидеть, как надежно вы защитили свой код.\r\n\r\nВам нужно провести серию так называемых тестов на проникновение и опробовать с их помощью приложение и его подключение к сети. Чаще всего, эффективнее будет нанять консультантов по безопасности «со стороны». Не только потому, что у большинства стартапов не хватает экспертизы в кибербезопасности — просто любой организации сложно обнаружить свои же слабости. Посторонний взгляд позволяет найти уязвимости, которые находились на поверхности.\r\n\r\nХотя весь список выглядит трудоемко, он выполним. Вам просто нужно заняться им до того, как в двери постучит покупатель. Это значит, нужно сконцентрироваться на менее гламурных аспектах архитектуры, когда все – покупатели, инвесторы и сотрудники — настаивают на введении новых функций.\r\n\r\nНикто не хочет покупать предмет вечной доработки, если этого можно избежать. Но точно так же никто не рассчитывает на идеальные показатели. Если у вас будут правильные установки и, что более важно, вы будете их воплощать, то окажетесь далеко впереди конкурентов и в лучшем положении, чтобы обогнать лидеров.', 'no-image.png', 35, 'успех', '0', '0', '2018-06-29 18:23:35'),
(12, 2, 1, 'Radar Tech запустил акселерационную программу для украинских стартапов из сферы энергетики', 'Акселератор Radar Tech при поддержке ДТЭК запустил программу для украинских стартапов из сферы энергетики. Об этом сообщил его сооснователь Макс Яковер в Facebook. \r\n\r\nСтать участником могут предприниматели, стартапы, продуктовые команды, а также представители малого и среднего бизнеса. Команда должна состоять минимум из двух совершеннолетних лиц, приоритет имеют стартапы с базовым прототипом. Участие в программе бесплатное, Radar Tech также не будет брать долю компаний-резидентов. \r\n\r\n«Мы приглашаем на программу стартапы, которые кроме энергетики решают вопросы, связанные с логистикой, клиентами, безопасностью персонала и так далее. Также в этом наборе мы готовы к сотрудничеству с конструкторскими бюро, институтами, зрелыми продуктовыми компаниями и изобретателями у которых есть проекты с прототипами», — подчеркивает Яковер. \r\n\r\nПрограмма продлится два месяца, по ее итогу организаторы проведут Demo Day. Среди менторов — генеральный директор «ДТЕК ЕНЕРГО» Дмитрий Сахарук, соосновательница Agrohub Юлия Порошенко, глава правления Radar Tech Максим Бахматов, сооснователь GrowthUP Денис Довгополый и другие. Отправить заявку можно по ссылке. \r\n\r\nРанее AIN.UA сообщал, что «Мироновский хлебопродукт», Radar Tech и Agrohub запустили акселератор для агростартапов. ', 'no-image.png', 23, NULL, '0', '0', '2018-06-29 06:52:24'),
(13, 2, 2, 'Украинский стартап запустил Kickstarter-кампанию для сбора денег на рюкзак. Нужную сумму собрали за 7 часов', 'Украинский стартап Pleatpack design запустил кампанию на Kickstarter для сбора средств на городской рюкзак Pleatpack. И всего за 7 часов собрал нужную сумму — $8500. \r\n\r\nГлавная особенность Pleatpack — в возможности увеличить его размер. Рюкзак расширяется с 6 литров до 26,7.\r\nСреди других особенностей Pleatpack:\r\n\r\nЗащита от кражи. В рюкзак вшиты магниты, которые плотно закрывают рюкзак и не позволяют людям взять из него вещи без ведома владельца;\r\nЗащита от влаги. Pleatpack сделан из ткани с водоотталкивающей пропиткой 600D.\r\nЦена рюкзака — $119. Сейчас еще доступны специальные предложения по $89 и $99. Pleatpack design планирует начать поставки в декабре 2018 года. \r\nРанее Pleatpack design уже выходил на Kickstarter с этим рюкзаком и собрал $19 000, но кампанию остановили, а счет обнулили. Причина заключалась в том, что американский партнер стартапа запустил одновременно две кампании, что запрещено правилами Kickstarter. После разбирательств с платформой Pleatpack design разрешили запуститься еще раз. ', 'no-image.png', 59, 'украина,успех', '1', '0', '2018-06-29 08:37:23'),
(14, 6, 2, 'Китайский телеком-гигант купит оператора у собственника Concorde Capital', 'Компания «Просат», с 2013 года принадлежащая китайскому телеком-холдингу Xinwei, получила разрешение от Антимонопольного комитета на покупку оператора связи «Украинские новейшие телекоммуникации» (UNTC). АМКУ одобрил приобретение более 50% уставного капитала фирмы. \r\n\r\nUNTC, которой с февраля 2018 владеет основатель инвестфонда Concorde Capital Игорь Мазепа, была основана в 2005 году. Компания предоставляет услуги доступа в интернет по оптоволокну и беспроводной технологии pre-WiMax. Долгое время предприятие продвигалось под брендом Freshtel. \r\n\r\nОператор работает в 8 областях Украины, за 2016 год его выручка составила более 20 млн грн, а чистый убыток — 0,14 млн, сократившись более чем в 7 раз. При этом UNTC связывали с Юрием Луценко, отмечает издание Liga.net. В частности, финансовым директором оператора работала Ирина Луценко, жена генпрокурора Украины.\r\n\r\nXinwei Group, основанная китайским бизнесменом Ван Цзином, открыла украинское представительство в 2014 году. В том же году компания заявила о развертывании инфраструктуры под создание национальной 4G-сети по собственной технологии McWiLL. Инвестиции в украинский рынок должны были превысить $1 млрд, однако вскоре оценка вложений значительно упала. По состоянию на конец 2017 года тестовая сеть из 180 станций Xinwei покрывала Киев, часть Одессы и участок от Харькова до Мариуполя.\r\n\r\nПри этом в мае 2017 года вице-премьер Украины Степан Кубив писал у себя на Facebook, что Xinwei до конца 2018 установит по стране еще 2 300 базовых станций. Глава украинского представительства Xinwei Антон Прицепин говорил в комментарии Liga.net, что на складах ожидают установки более 3000 станций. После ввода передатчиков в строй, сеть должна покрыть 70% территории Украины.\r\n\r\nXinwei планируют, что проект по созданию сети мобильной широкополосной мультимедийной связи будет ориентирован на сервис для экстренных служб, защищенную связь, сбор и передачу телеметрической информации, корпоративный сегмент и покроет труднодоступные районы. В мире Xinwei Group известна предоставлением услуг в сферах безопасности, аэрокосмических коммуникаций, нефтедобычи, электроэнергии, водного хозяйства, транспорта.\r\n\r\nНапомним, ранее AIN.UA сообщал, почему НБУ отозвал лицензию у платежной системы TYME, одним из владельцев которой числится Игорь Мазепа. ', 'no-image.png', 42, 'страны', '0', '0', '2018-06-29 17:29:19'),
(15, 6, 2, '«Юнистрим» продолжает обслуживать денежные переводы в Украину в обход санкций', 'Российская платежная система «Юнистрим» продолжает предоставлять услугу денежных переводов в Украину, несмотря на санкции украинских властей. Об этом сообщает «Коммерсантъ». \r\n\r\nВ офисе «Юнистрима» изданию сообщили, что перевод можно провести только в евро, а выдачей средств в Украине занимается британская платежная система CEL.INT. У нее заключены договоры с украинскими банками, в числе которых «Ощадбанк», «Юнексбанк», «Аккордбанк», Credit Optima Bank и iBox Bank.\r\n\r\nРаньше «Юнистрим» проводил платежи на Украину не только через CEL.INT, но и через украинскую платежную систему Welsend, которая принадлежит государственному «Укргазбанку». Впрочем, «Юнистрим» прекратил предоставлять эту услугу с 21 июня. Именно тогда НБУ лишил лицензии платежную систему TYME из-за работы с российскими системами. \r\n\r\nВ пресс-службе «Юнистрима» отметили, что «система не представлена в Украине и не имеет договоров с выплачивающими банками в Украине». «Коммерсантъ» отмечает, что это соответствует действительности — но только формально.  \r\n\r\nРанее AIN.UA публиковал материал о том, почему НБУ лишил лицензии платежную систему TYME. ', 'no-image.png', 74, NULL, '0', '0', '2018-06-29 19:25:40'),
(16, 6, 1, 'Соцсеть Facebook разрешила рекламу криптовалют после полугодичного запрета. ICO все еще под запретом', 'Компания Facebook в своем блоге сообщила, что меняет правила рекламы финансовых продуктов. После полугодичного запрета криптовалюты снова можно рекламировать, но с некоторыми оговорками. \r\n\r\nВ частности, речь идет о том, чтобы вернуть рекламу криптовалют и сопутствующих продуктов рекламодателям, которым социальная сеть может доверять. Другими словами, проверенным компаниям. Чтобы пройти проверки Facebook, рекламодателям криптовалют необходимо заполнить специальную форму.\r\n\r\nВ Facebook отмечают, что подобные действия помогут прояснить легальность рекламодателя, поэтому для модерации стоит отправлять всю информацию, которая подтверждает публичность и легальность компании. \r\n\r\nПри этом представители социальной сети отмечают, что даже после отправки документов не все получат право на рекламу — будет проводиться серьезный отбор. В Facebook пытаются защитить своих пользователей от заведомо мошеннических схем и за неимением достаточной доказательной базы будут отказывать в рекламе.\r\n\r\nТакже компания оставляет под запретом рекламу бинарных опционов и ICO.\r\n\r\nНапомним, ранее мы публиковали колонку Игоря Перции о том, как рекламировать криптовалюты и ICO, когда все крупнейшие площадки запретили их рекламу. ', 'no-image.png', 98, 'успех', '0', '0', '2018-06-27 07:47:32'),
(17, 6, 1, 'В киевском UNIT.City открылся центр управления кибербезопасностью', 'В новом кампусе киевского UNIT.City открылся Security Operation Center — первый в Украине коммерческий центр управления кибербезопаностью. Бизнес, созданный основателем компаний «Инком» и «Датагруп»  Александром Кардаковым, работает на базе компании «Октава Киберзащита» и применяет технологии Cisco, пишет Liga.net.\r\n\r\nНовый центр предлагает ряд услуг: управление средствами безопасности, противодействие кибератакам в реальном времени, расследование инцидентов, анализ рисков.\r\n\r\nДля их предоставления центр должен развернуть аппаратные и программные средства — на базе систем клиента или полном аутсорсе. В последнем случае, клиенту придется арендовать сенсор. Стоимость его аренды составляет несколько тысяч долларов в месяц. «Октава Киберзащита» закупает их более чем за $20 000 и уже приобрела 8 подобных устройств. \r\n\r\nНа сетях клиентов фирмы сейчас установлены 4 сенсора. Кардаков также сообщает, что новое предприятие ориентируется на средний бизнес, во введении которого находятся от 200 до 500 ПК. При этом, как отмечает компания, при необходимости они готовы взаимодействовать с Государственным центром кибербезопасности, профильными подразделениями СБУ, Госспецсвязи и Киберполицией.\r\n\r\nНапомним, ранее AIN.UA сообщал о том, что по результатам опроса, 75% украинских компаний планируют вполовину увеличить расходы на кибербезопасность \r\n\r\n', 'no-image.png', 90, 'успех,украина', '0', '0', '2018-06-29 20:24:36'),
(18, 6, 1, 'Украинцы впервые доставили пиццу на Марс', 'Возможно, вы слышали о том, что недавно марсоход Curiosity нашел в горных породах Красной планеты большое количество различных органических соединений. Мы точно не знаем, является ли это следствием последних событий, но, как бы странно это ни звучало, украинцы впервые доставили пиццу на Марс! И сняли все на камеру \nДействия происходят в селе Марс Семеновского района Черниговской области населением 30 человек. Продовольственная миссия сервиса заказа и доставки еды Mister.Am во главе с CEO компании Ярославом Цыганенко совершила первую доставку пиццы в этот населенный пункт. В связи с большим количеством комаров и оводов команда была вынуждена находиться в герметичных скафандрах.\n\nMister.Am работает в 12 городах, являясь лидером среди украинских сервисов заказа и доставки еды по количеству доставленных заказов, в то время как остальные компании функционируют преимущественно в режиме агрегации. Проект делает основной акцент на развитии собственной технологичной платформы, которая связывает клиентов, рестораны и курьеров, обеспечивает автоматизацию бизнес-процессов и эффективную логистику.\n\nНовые регионы запускаются в партнерстве с местными предпринимателями. Потому что каждый город имеет свою специфику, которую знает, чувствует и понимает только тот, кто здесь уже работает. Такой сплав технологичного продукта и локального опыта позволяет развивать сервис максимально продуктивно.', 'no-image.png', 93, 'успех,украина', '0', '0', '2018-06-27 06:39:29'),
(19, 6, 2, 'Во Львове создают IT Park стоимостью $160 млн. Один из инвесторов — канадский многомиллиардный фонд', 'Садовой отметил, что строительство IT Park начнется 30 июня. По его словам, проект создаст 14 000 рабочих мест, а инвестиции в его строительство составят $160 млн. \r\n\r\nВпервые о строительстве Innovation District ІТ Park стало известно в июне 2017 года. Тогда один из участников проекта, Lviv IT Cluster, сообщил, что парк будет представлять из себя отдельный квартал площадью 10 га, ориентированный на IT-бизнес и сотрудников этих компаний. \r\nНа его территории расположится несколько бизнес-центров разной этажности (от 8 до 22 этажей), корпус университета (его займет факультет информационных технологий УКУ), лаборатории, отели, ТРЦ, детский сад, магазины и другие объекты. В Lviv IT Cluster тогда отмечали, что главным девелопером проекта станет компания Galereja Centre, наиболее известная по строительству львовского ТЦ Forum Lviv.\r\n\r\nРанее AIN.UA публиковал фоторепортаж из нового бизнес-кампуса UNIT.City. ', 'no-image.png', 94, 'успех,украина', '0', '0', '2018-06-28 12:22:34'),
(20, 4, 1, 'Миллионные инвестиции и высокие бонусы — интервью с CEO Taxify Маркусом Виллигом', '15 июня эстонский стартап по заказу поездок Taxify объявил о повторном выходе на украинский рынок. Компания, которая недавно получила $175 млн инвестиций на экспансию, планирует занять лидерское положение в Украине, несмотря на конкуренцию. Редакция AIN.UA поговорила с основателем и CEO Taxify Маркусом Виллигом о том, какие стартап намерен привлечь водителей и пассажиров, во сколько это обойдется и как будет работать локальная команда сервиса.\r\nПочему предыдущая команда, которая работала по франшизе, не добилась успеха в Украине?\r\nВ целом, это следствие изменений в нашей глобальной стратегии. Еще год назад мы были гораздо меньшей компанией, чем сейчас. Во многих локациях мы работали по франчайз-модели, с местными партнерами. С тех пор стратегия изменилась — мы приходим в страны со своей командой. Это позволяет работать лучше. В Украину мы теперь тоже приходим с собственной командой — значит, сделаем здесь больше инвестиций.\r\n\r\nВы выходите на очень конкурентный рынок, где уже есть сильные соперники в лице Uber и Uklon. Почему вы решились на подобный шаг в таких условиях?\r\nМы уже завоевали лидерство во многих европейских странах, наша цель — стать первыми в Центральной и Восточной Европе к концу этого года. Конечно, Украина — один из самых важных европейских рынков, поэтому здесь мы тоже хотим быть первыми.\r\n\r\nНе боитесь конкурентов?\r\nМы соревнуемся с Uber на протяжении 5 лет и опередили их на многих рынках. Так что мы уверены, что и в Украине сможем построить лучшую платформу.\r\n\r\nО каких рынках речь?\r\nНапример, мы лидируем в странах Балтии, в Словакии и Венгрии, а также приближаемся к лидерству в Польше, Румынии и др.\r\n\r\nРанее один из участников рынка сообщил нам в частной беседе, что оценка киевского такси-рынка составляет 1 млрд грн в год. Вы согласны с ней, она близка к истине?\r\nРынок очевидно большой — ежегодно совершаются десятки миллионов поездок. Близок ли он к одному миллиарду? Сложно сказать, поскольку никто не предоставляет публичных сведений, у нас есть только оценки. Но я думаю, что это более-менее корректные оценки.\r\n\r\nКак вы планируете привлекать водителей в Украине? Ваши соперники уже предлагают солидные бонусы.\r\nМы предлагали бонусы еще в первый год, при работе через партнеров. Но, честно говоря, мы теперь знаем, о чем водители беспокоятся в первую очередь.\r\n\r\nОни в основном думают, сколько смогут заработать — и мы сфокусируемся на этом. Так что наша цель — стать платформой, на которой водители смогут зарабатывать больше всего денег. Мы обеспечим это, предлагая тарифы и бонусы лучше, чем у конкурентов. Это наш фокус. Мы не собираемся слишком отвлекаться на скидки, а будем сфокусированы на том, чтобы водители хорошо зарабатывали.\r\n\r\nМожете ли вы детализировать условия бонусных программ?\r\nМы корректируем их каждую неделю и каждый месяц, но, что важно, — много инвестируем в рынок, чтобы создать лучшую платформу для водителей. Мы знаем, что наши бонусы в несколько раз выше чем то, что предлагают Uber или Uklon. Например, если водитель выполнит 50 поездок за неделю, то получит прибавку в размере 2000 грн. Это одна из кампаний, которую мы запустим.', 'no-image.png', 167, NULL, '0', '0', '2018-06-21 06:31:52'),
(21, 4, 2, '«Я не чувствую, что вернулась — я открываю для себя новую страну». Топ-менеджер BlaBlaCar в Украине о переезде в Киев из Парижа', 'Как и когда вы переехали во Францию?\r\nЯ поехала учиться в Европу на магистратуру. Сначала в Чехию, а оттуда по программе обмена во Францию, в Лион. Когда я закончила программу обмена в Лионе, начала искать работу.\r\n\r\nВ Париже я оказалась случайно. Работу искала в разных странах Европы, и в Украине в том числе, но как-то повезло найти вакансию BlaBlaCar именно в столице Франции. Получилось так, что последние три месяца обучения я уже была в процессе подачи в BlaBlaCar. В феврале я подала заявку, а в конце апреля мне сделали оффер. В Париж я переехала в сентябре.\r\n\r\nТо есть BlaBlaCar был вашей первой работой после университета?\r\nНет, до того, как поехать на магистратуру в Чехию, я закончила бакалавриат в Киеве, поработала в rabota.ua. Пока училась за границей, продолжала работать удаленно. У меня уже был опыт в онлайн-маркетинге, тем не менее, адаптация к работе в международной среде заняла какое-то время. Там люди по-другому мыслят, по-другому выстроены процессы — нужно научиться понимать, кто и что имеет в виду.\r\nВ BlaBlaCar очень хорошо устроена система вовлечения новых сотрудников. У нас была неделя тренингов, на которых рассказывали, как в BlaBlaCar работают разные команды — маркетинг, программисты, финансисты, юристы. Очень много внимания уделялось ценностям компании, культурным особенностям. Непосредственно в моей сфере было много прикладных тренингов: как мы работаем с Google, Facebook и другими. Это очень помогло. Через две-три недели я уже довольно комфортно себя чувствовала в плане своих обязанностей.\r\n\r\nКак проходили собеседования в BlaBlaCar?\r\nУ BlaBlaCar довольно тщательный подход к найму. У меня было 8 собеседований с разными людьми. Первое — на общее понимание онлайн-маркетинга, причем, оно было не с HR-специалистом, что меня удивило, а сразу со специалистом по маркетингу — с моим будущим менеджером.\r\n\r\nПотом мне скинули тест, который я прошла, после чего на втором интервью мы обсуждали результаты теста, мне задавали дополнительные вопросы. Дальше у меня было интервью с Head of Growth, то есть, с руководителем на уровень выше — мы познакомились, поговорили на разные темы, про бизнес, маркетинг, мотивацию. Все эти собеседования были по Skype.\r\n\r\nНаконец, меня пригласили в Париж, пообщаться со всеми теми же людьми, но уже в живую. В Париже были интервью с несколькими людьми из команды, в которую я подавалась. После этого, бизнес-кейс (мне нужно было подготовить презентацию с выводами и предложениями по реальному кейсу), который я представляла своей руководительнице, Head of Growth и кофаундеру BlaBlaCar Николасу Брюссону. После презентации мы обсуждали потенциальное развитие кейса, варианты и сценарии.', 'no-image.png', 378, NULL, '0', '0', '2018-06-26 06:30:50'),
(22, 4, 1, 'Ресторатор Дима Борисов четыре года ездит на Tesla. Узнали его опыт использования Model S и X', 'Как вы пришли к Tesla, какие машины у вас были?\r\nModel X — моя третья Tesla. Первые две были Model S, с разной емкостью батарей — сначала S60, потом S85P.\r\n\r\nК Tesla я пришел не от автомобилей, а от мотоциклов. В моем личном парке стоял Porsche Cayenne, но драйв и эмоции дарил мотоцикл. Я гонял на Ducati — это совершенно другое ощущение динамики. Когда купил Tesla, то еще год поездил на мотоциклах и продал их.\r\n\r\nВ этой машине сошлись необходимые мне качества. Прежде всего, скорость — разгон за 2,9-3,8 секунды до 100 км/час, как у мотоцикла. Но я, помимо этого, уже хотел немного комфорта.\r\nTesla — гаджет для такого сценария: гоняешь как на мотоцикле, но ездишь в удобстве и защите. Идеальный баланс ощущений.\r\n\r\nУлучшилась ли за годы владения Tesla инфраструктура для электрокаров?\r\nЗа 4 года владения машиной — конечно же, да. Я косвенно отслеживаю динамику повышения популярности электромобилей в Украине. Они растут на 300% в год — в Европе всего 100%. Возможно, мы сейчас в списке мировых лидеров по этому показателю. Естественно, под это развивается инфраструктура.\r\n\r\nНо по поводу электромобилей есть стереотипное восприятие. Базовая инфраструктура для Tesla и других электромобилей — наличие розетки на 220V. Соответственно, в Киеве миллионы подходящих розеток с заземлением и проблемы в этом нет.\r\nСпециальных зарядных устройств тоже стало больше. Они есть уже практически в каждом торговом центре. Кроме того, еще в 2015 году меня привлекала компания OKKO для проекта сети электрозаправок. Он выстрелил — сейчас их уже около 60 по всей стране. Подтягиваются и конкуренты: к примеру, WOG установил не только скоростные зарядки (с напряжением 380V), но и полноценные станции Supercharger.\r\n\r\nВопроса «где зарядить электромобиль» сегодня, по-моему, вообще нет.\r\n\r\nКакой ваш сценарий пользования электромобилем?\r\nХочу заметить — Tesla некорректно сравнивать с другими электромобилями. Машину нужно сравнивать с соседями по классу. Например, Tesla Model S — это Porsche Panamera, Model X — BMW X6, Mercedes GLE. Это автомобили-«одноклассники», но Tesla значительно дешевле и у нее совершенно другая емкость батареи.\r\n\r\nЯ езжу по городу, где 500 км хода — это вообще не вопрос. Она, как мобильный телефон (показывает на iPhone X — прим.ред) не разряжается. Например: утром я выехал из дома, максимум набрал 150 км за день, приехал в свой ресторан на Воздвиженке, где у меня стоит зарядка — припарковался и включил чарджер. По возвращению домой тоже поставил на зарядку и с утра получил полную батарею.', 'no-image.png', 356, NULL, '0', '0', '2018-06-22 05:47:29');
INSERT INTO `news` (`id`, `category_id`, `user_id`, `name`, `text`, `image`, `hits`, `tag`, `analitics`, `political`, `date_create`) VALUES
(23, 4, 1, 'Стартап 3DLOOK оценивается до $10 млн и имеет коммерческих клиентов. Интервью с основателем Вадимом Роговским', 'Стартап 3DLOOK был запущен 2 года назад, верно?\r\nДа, ровно два.\r\n\r\nЧто сделали за это время, как развивался стартап?\r\nБыло понимание, что измерение тела человека только на основе софта, без железа — это хороший кейс для e-commerce, health & fitness и схожих сфер. Но сначала решили попробовать силы в другом и сделать развлекательное приложение: можно отсканировать тело и наложить какого-то супергероя, например. Быстро стало понятно, что большую историю из этого не построишь — это технология на продажу. Поэтому я решил, что нужно сделать более практичный продукт.\r\n\r\nС прототипом, собранным едва ли не «на коленке», отправился в США вести переговоры с fashion-брендами, ритейлом, индустрией health & fitness. Отклик был, компании готовы сотрудничать. Мы с командой тогда выбрали для старта нишу e-commerce, после чего планировали развиваться и в других направлениях.\r\n\r\nЕсли найдется покупатель, какова будет цена бизнеса?\r\nСейчас такой цели нет. Есть желание сделать продукт, который станет отраслевым стандартом. Например, все ставят себе Google Analytics. Я хочу, чтобы при запуске e-commerce на сайт сразу ставилась наша технология. Сейчас это задача номер один, а не продажа компании за N денег.\r\n\r\n3DLOOK попал в акселератор в Сан-Франциско. Ты тоже туда поехал? И что это дало?\r\nДа, я с командой поехал в Boost.vc в Кремниевую долину. Я знал, в каком направлении хочу развивать компанию, но не хватало нетворкинга, узнаваемости. В США знают этот акселератор, знают Тима Дрейпера — это помогает стартапам в будущем: даже сейчас иногда могу попросить о каком-то интро, знакомстве — все охотно помогают. Последнее, но не менее важное, — дали деньги, дополнительные бонусы в виде услуг и т.д.\r\n\r\nТы все время в 3DLOOK. Как обстоят дела с Clickky? Вышел из операционной деятельности?\r\nДа, еще в 2016 году понимал, что нужно полностью сконцентрироваться на 3DLOOK. Поэтому постепенно начал передачу дел другим сотрудникам, с 2017-го уже больше время проводил в 3DLOOK, чем в Clickky, а с января официально оставил пост руководителя.\r\n\r\nНе так давно проект привлек $450 000 от UVentures. Какая сейчас оценка бизнеса?\r\nТочную я сказать не могу.\r\n\r\nЭто миллионы долларов?\r\nСкажем, до $10 млн.\r\n\r\nНа что уйдут полученные в ходе раунда деньги?\r\nОдна из задач привлечения этого раунда — это найм лучших в Украине и в целом в СНГ разработчиков в machine learning, computer vision и 3D. Мы готовы перевозить их из любой точки Украины в Киев или Одессу (у компании сейчас два офиса — ред.). Далее — участие в конференциях и выставках по всему миру, чтобы рассказывать о своем продукте, показать наши возможности. Хотим, чтобы как минимум в США 3DLOOK воспринимали как серьезного игрока на рынке и было понимание, что мы за компания — для этого и нужны ивенты, поездки на которые стоят немалых денег.', 'no-image.png', 716, NULL, '0', '0', '2018-06-23 21:10:25'),
(24, 4, 2, 'Антон Мартинов, видавництво «Наш формат»: про електронні книжки, піратів та конкуренцію на ринку', 'Які критерії для видавництва вирішують, чи вийде книга в електронному варіанті?\r\nКоли ми вирішуємо придбати права на видання книжки — одразу купуємо ліцензію і на паперову, і на електронну версію. Питання видавати електронну книжку чи ні для нас не постає останні 3-4 роки. Ми розуміємо, що маємо бути в тренді, надавати клієнтам сервіс і можливість читати у зручному для них форматі.\r\n\r\nАле каталог електронних книг у вас на сайті — значно менший за список друкованих видань.\r\nУ нашому інтернет-магазині ми продаємо паперові книжки всіх українських видавництв, натомість з електронних книжок — поки що тільки власні.\r\n\r\nЗараз ми працюємо над новим продуктом — розробляємо мобільний додаток для читання електронних книг та прослуховування аудіокниг. Користувачу буде зручно читати книжки, він зможе завантажити їх на свій пристрій, але самі файли будуть зашифровані. Це дозволить максимально захистити контент від нелегального розповсюдження.\r\n\r\nТакож ми ведемо переговори з іншими видавцями, підписуємо угоди, щоб максимально розширити асортимент е-книг і пропонувати в нашому додатку книжки різних видавництв. Альфа-версія запланована на липень цього року.\r\n\r\nЯк формується ціна на електронну книгу?\r\nМатематика дуже проста. Ціна електронної книжки буде нижчою на 40% від паперового видання. Ми зменшуємо ціну електронної книги на вартість паперу, логістики тощо. Ми бачимо, що багато видавців починає використовувати таку ж формулу.\r\n\r\nТобто в звичайній книзі 40% займають виробничі і логістичні витрати?\r\nЦе залежить від проекту, але середня цифра така. Нам видається ця формула простою і зрозумілою для ринку.\r\n\r\nНаскільки вашому електронному бізнесу заважають пірати?\r\nНа 100%. Але, насправді, проблеми дві.\r\n\r\nБізнесу заважають і пірати, і самі видавці, які не видають електронні книжки. В результаті читач, не маючи широкого асортименту на легальних майданчиках, йде на «темну сторону».\r\n\r\nА на «темній стороні» є асортимент?\r\nНа темній стороні багато контенту оцифровується. Часто пірати більш продуктивні, ніж видавці. І це проблема самих видавців.\r\n\r\nЧому інші видавці не підключаються до тренду?\r\nНе можна говорити про всіх видавців, адже перелік електронних книг в Україні щороку зростає. Загалом, серед видавців є різні побоювання. Здебільшого вони бояться конкуренції електронних книжок з паперовими виданнями. Особливо це стосується видавців, які друкують книжки малими накладами.\r\n\r\nЯкщо порівнювати цифри завантажень легально купленого і безкоштовно завантаженого контенту — то часто вони відрізняються в рази. Це критично для видавців, адже ця так би мовити «упущена вигода» не дозволяє продовжувати роботу над наступними книжками.\r\n\r\nА проблеми у видавців — це проблеми й для піратів. Розповсюджуючи книжки безкоштовно, вони руйнують ринок. При цьому, якщо видавці не будуть продавати контент, щоб проінвестувати нові проекти, нових проектів просто не буде. Замкнене коло.\r\n\r\nЄ, звісно, і специфічні категорії, наприклад, арт-видання. За прогнозами, такі електронні книжки матимуть низький попит, відповідно подібні проекти не поспішають йти в цифру.\r\n\r\nЗгідно останньої статистики, США — перша країна в світі по споживанню піратського контенту, Росія — друга. Україна в десятку не входить. Чому в США багато піратів, але добре купують книжки?\r\nПо-перше, купівельна спроможність. По-друге, сервіси на кшталт Kindle, які дозволяють дуже зручно отримувати та читати книжки.\r\n\r\nАле ж у нас ціна книг певним чином скоригована на купівельну спроможність?\r\nПроблема в тому, що більшість українців ще не звикли заробляти гроші, а потім витрачати їх на забезпечення інтелектуальних та культурних потреб. Не тільки на каву і фастфуди. Американці до цього більш звичні.\r\n\r\nТак сталося, що ми втратили більше 75 років. Це час панування радянської влади, яка відучила людей працювати відповідально, створюючи реальну додану вартість, а потім витрачати гроші. Ділитися з тими, хто теж створює додану вартість, але в іншій сфері, в тому числі в науці, культурі чи освіті.\r\n\r\nЧи бачите ви перспективу для того, щоб боротись із піратством?\r\nЦе дуже важливе і непросте питання. Мабуть, ключове у нашій розмові. Але, на жаль, у мене немає відповіді, як повністю подолати цю проблему, окрім як дуже жорстко закривати всі піратські сайти, законодавчо обмежувати завантаження піратського контенту. Водночас це створює величезні ризики соціального бунту, адже певною мірою обмежить можливості для саморозвитку, хоча й отриманого завдяки нелегальним джерелам.\r\n\r\nТреба враховувати ще один момент: заборонивши піратство в Україні, ми заборонимо поширення лише українського контенту.\r\n\r\nУмовно кажучи, якщо ми закриємо піратську версію «Атлант розправив плечі» українською, то прочитають «Атлант расправил плечи» російською. Тому тут немає простих рішень. Але погано, що немає й ґрунтовних дискусій про це.\r\n\r\nМинулого року спалахнула дискусія навколо Telegram-каналу із піратськими книжками українською.\r\nЦе був більше хайп, а не дискусія.\r\n\r\nЧи бачите ви у свідомості людей якісь позитивні зміни за останні роки?\r\nТак, і це ледь не єдине, що мотивує. Фактично, ми робимо електронні книжки виключно для них — для людей, які поважають інтелектуальну власність і принципово купують. Навіть попри можливість завантажити безкоштовно. Ці люди надзвичайно круті, тому що заробили ці гроші і витратили їх, підтримавши таких, як вони. Тих, хто теж щось створює. Зараз подібних людей небагато. Можливо, до 10 000 користувачів.\r\n\r\nАле кількість покупців легального контенту щороку зростає в рази. Звісно, є ефект низької бази. Одна справа зростання з одної гривні до двох, а інша справа — з мільйона до двох мільйонів. Та все одно цифри і динаміка позитивні. А це і є наша основна мета.\r\n\r\nПросто видавати книжки — нецікаво. Ми хочемо створити навколо себе екосистему людей, з якими приємно працювати, спілкуватися, відпочивати, їздити на рибалку і т.д. Ми хочемо, щоб їх ставало все більше.\r\n\r\nЧи можна реалізувати підписну модель в Україні?\r\nМені особисто імпонує схема підписки. Ми почали працювати з подібним сервісом — Bookmate. Для початку співпраці в нас було для них дві умови: локалізація інтерфейсу і преференція у видачі українських книжок для української аудиторії. Вони виконали обидві, тож ми почали роботу.\r\n\r\nУ нашому власному мобільному додатку також буде опція підписки. Вже зараз в нас є домовленості з низкою компаній, які планують використовувати наш додаток як корпоративну електронну бібліотеку для своїх співробітників.\r\n\r\nТобто, це буде корпоративна функція?\r\nНі, сервіс буде доступний як для корпоративних клієнтів, так і для фізичних осіб, але тарифи і умови підписки відрізнятимуться.\r\n\r\nЯк до електронного книговидання ставляться письменники та перекладачі, що співпрацюють з видавництвом?\r\nТут два діаметрально протилежні табори. Одні взагалі ігнорують електронне книговидання. Їх, певно, більшість. Інші дуже вірять у силу електронної книжки і, головне, — в силу самвидаву. Думаю, і ті, й інші помиляються.\r\n\r\nЕлектронна книжка буде далі завойовувати позиції з різним успіхом, в залежності від країни. Очікую, що вона займатиме до 20% всього книжкового ринку в світі.\r\n\r\nЩодо сили самвидаву, то, думаю, це так само, як і сила Facebook та соцмереж, — досить тимчасовий злет. Люди захочуть модерації контенту. У них не буде часу і настрою на фейки. Самвидав як напрямок, що дуже популярний серед незалежних авторів, зокрема в США, забуксував. Забуксував через графоманство, через неякісний контент. Читачі це бачать, оцінюють і відразу ж розуміють, що без видавця, без професійного гравця на цьому ринку — нічого не вийде.\r\n\r\nАле ж всім подобаються історії успіху, як от у Енді Вейра з «Марсіанином». Повторити таке в наших реаліях можливо?\r\nУ цій історії успіху дуже багато складових. Справа не стільки в контенті, скільки в грамотному маркетингу. Якщо автори будуть, не тільки гарно писати, а ще й навчаться подавати тексти — це дасть гарний синергічний ефект.\r\n\r\nВ чому зараз проблема з українським книжковим маркетингом?\r\nПопулярна думка, що книжку мають читати просто так: якщо ти видав книжку, її мусять читати. Якщо не читають — значить проблема в усієї країни, а не у видавця.\r\n\r\nЯк це змінити?\r\nНа ринку виживуть найсильніші. Якщо хочеш, щоб на тебе звернули увагу, мусиш думати й про маркетинг. Ініціатором має бути сам автор. Якщо він націлений тільки на написання тексту, то в нинішньому інформаційному потоці текст можуть просто не помітити, яким би класним він не був.\r\n\r\nЯкщо автор це усвідомлює, ми готуємо майданчик, який сприятимемо просуванню текстів в електронній формі. Гадаю, такий випадок, як з «Марсіанином», один на десятки тисяч проектів, але ми будемо дуже раді бачити їх в Україні.\r\n\r\nЧи можете ви назвати якісь приклади електронних книг, які дуже добре і неочікувано продалися?\r\nЧогось неочікуваного не назву. Всі наші топові видання, які добре продаються в паперовому варіанті, паритетно популярні й у електронному. Наприклад, «Атлант розправив плечі» Айн Ренд, «Моє життя та робота» Генрі Форда, «Чому нації занепадають» Дарона Аджемоглу, Джеймса Робінсона і т.д.\r\n\r\n', 'no-image.png', 263, NULL, '0', '0', '2018-06-26 14:25:16'),
(25, 4, 1, '«Я считаю себя украинцем»: как выходец из Николаева Аллан Грант основал в США две многомиллионные компании Hired и Talkable', 'Расскажите о себе: где родились, работали, учились и когда уехали из Украины?\r\nМеня зовут Михаил Александрович Сапов. Я родился в Николаеве в 1983 году и жил там с родителями до 1994 года. Когда мне было 10 лет, мы переехали в Америку.\r\n\r\nПапа у меня всегда говорил про предпринимательство, он был, так сказать капиталистом в коммунистической стране, и его за это преследовали практически всю жизнь. Поэтому он всегда пытался уехать за границу.\r\n\r\nПомню, мне было пять лет, я играл в мяч и нечаянно забросил его на соседский огород, помяв чужие цветы. Тогда бабушка мне в сердцах сказала: «Вот ты капиталист!». Я спросил у папы, что это значит? И он ответил, что капитализм — это не плохая вещь, это когда ты сделал что-то ценное и кто-то другой сделал что-то ценное, вы обменялись этими вещами и обоим стало лучше.\r\n\r\nЯ воскликнул: «Но это же классно!», а он говорит: »Да, но здесь так нельзя».\r\n\r\nТем не менее, он долго стоял в очереди, и в первый же день, когда в Украине разрешили регистрировать бизнесы, создал компанию, которую назвал «Аллан Грант». Оттуда и пошло мое имя. Я очень гордился папой, я тоже хотел стать предпринимателем. И когда мы переехали в Америку, оба поменяли имена на Аллан Грант. Это было так сказать видение того, что мы оба хотим делать бизнес.\r\n\r\nКак стали предпринимателем? Расскажите про свой первый бизнес.\r\nВ США папа пытался открыть компанию, но у него не получилось. Поэтому он работал по профессии — инженером. Но я всегда помнил про свой план, и когда учился в университете, решил попробовать — я не знал, что и как надо делать, но подумал, что нужно пробовать сейчас, пока я еще студент и меньше риска.\r\n\r\nПервый бизнес не получился, а второй превратился в мою первую компанию Webmasters International. Это была полноценная аутсорсинговая компания, специализирующаяся на веб-девелопменте, хотя на тот момент этот рынок в Украине еще не был сформирован.\r\n\r\nКогда я закончил университет, у нас уже работало 50 человек: 40 в Николаеве, 10 в Атланте, где я учился и где мы жили.\r\n\r\nПочему вы закрыли Webmasters International?\r\nВсе выглядело очень классно, и я думал, что бизнес — это легко. Я не понимал, почему вообще все не открывают компании, был высокого мнения о себе. И тогда жизнь, как говорится, дала мне по морде.', 'no-image.png', 625, NULL, '0', '0', '2018-06-20 08:43:28'),
(26, 3, 1, 'В Раду внесли законопроект, который закрепит «зеленые» тарифы на 7 лет. Его авторы тесно связаны с «зеленой» энергетикой', 'В Верховной Раде зарегистрирован законопроект №8449-1, которым предлагается сохранить на ближайшие два года высокие «зеленые тарифы» на альтернативную электроэнергию, а потом еще пять лет не вводить аукционы, направленные на уменьшение тарифов. Издание «Наші гроші» обратило внимание, что авторами документа являются депутаты, тесно связанные с «зеленой энергетикой». \r\n\r\nЗаконопроект предполагает сохранение нынешнего высокого тарифа как минимум до 2020 года. Тогда их предлагают уменьшить лишь на 20% и они будут действовать еще пять лет до введения аукционов. Вместе с тем предусмотрена возможность для повышения тарифов при использовании украинского оборудования.\r\n\r\nОдин из авторов законопроекта — Виктор Галасюк, депутат Радикальной партии Олега Ляшка. До избрания нардепом он был руководителем ООО «Бионика Хилл». Эта фирма принадлежит крупному бизнесмену Василию Хмельницкому, который сейчас строит солнечные электростанции в Дымерке Киевской области, а также Одесской, Николаевской и Херсонской областях.\r\n\r\nДругой автор законопроекта, депутат Максим Ефимов, является совладельцем ООО «Фурлендер Виндтехнолоджи» вместе с бизнесменом Олегом Мкртчаном (ИСД). Эта фирма производит на заводе в Краматорске оборудование для ветряных электростанций. «Таким образом, Ефимов является непосредственным бенефициаром нормы о повышении „зеленого тарифа“ за счет использования украинского оборудования», — отмечают «Наші гроші».\r\n\r\nУкраинские «зеленые» тарифы на уровне 15 евроцентов за кВт/ч сейчас являются самыми высокими в Европе. В Германии, например, они составляют 4-5 евроцентов. Впрочем, Максим Ефимов отмечает, что введение тарифных акционов приведет к замедлению развития отрасли — как это случилось в Германии. \r\n\r\nВ Раде также зарегистрирован законопроект №8449, который предлагает сохранить нынешние высокие «зеленые» тарифы до 2020 года, после чего ввести тарифные аукционы. При этом для владельцев крупных СЭС будет сохранена возможность получать высокий тариф вне аукционов, если они формально поделят свои станции на отдельные блоки мощностью до 10 МВт.\r\n\r\nСтоит отметить, что 24 июня вступили в действие повышенные на 0,8% «зеленые» тарифы для домохозяйств. Повышение тарифов связано с ростом курса евро. \r\n\r\nРанее AIN.UA сообщал, что депутаты приняли закон о валютной либерализации. ', 'no-image.png', 762, NULL, '0', '0', '2018-06-27 07:49:25'),
(27, 3, 2, 'В Украине майнинг не подлежит лицензированию — разъяснение Госспецсвязи', 'Криптовалютный рынок в Украине никак законодательно не урегулирован, и это дает криптоэнтузиастам огромное пространство для маневра. На волне подорожания криптовалют, украинцы принялись строить майнинговые фермы в надежде обеспечить себе безбедное будущее, однако в какой-то момент такими «производственными мощностями» заинтересовались отечественные спецслужбы, а вслед за ним и законодатели. Майнеры забеспокоились, не заставят ли их получать лицензию на майнинг.\r\n\r\nОбщественная организация BRDO (Better Regulation Delivery Office) направила официальный запрос к ответственному органу — Государственной службе специальной связи и защиты информации Украины, чтобы окончательно разобраться, подлежит ли майнинг лицензированию в Украине.\r\n\r\nКак отмечают в BRDO, неопределенность правового статуса криптовалют и операций с ними приводит к тому, что предприниматели и компании, ведущие деятельность в данной сфере, не регистрируются официально, а действия в их отношении контрагентов и органов власти непредсказуемы. \r\n\r\n«Санкция за безлицензионную деятельность представителям рынка угрожала очень ощутимая — штраф и конфискация продукции и орудий производства. Поэтому была необходимость получения официального разъяснения регулятора по этому поводу», — отметил эксперт сектора ITC BRDO Игорь Самоходський.\r\n\r\nСегодня ведомство вернулось с официальным разъяснением по данному вопросу. Как сообщается в письме Госспецсвязи, майнинг криптовалют не относится к лицензируемой деятельности и вопрос его лицензирования не обсуждался.', 'no-image.png', 876, NULL, '0', '0', '2018-06-21 04:19:11'),
(28, 3, 1, 'Депутаты приняли закон о валютной либерализации в Украине', 'По словам составителей законопроекта, валютные операции после вступления его в силу будут проводится без ограничений — ограничения будут вводиться только в ответ на кризисные ситуации. Это упростит жизнь украинскому бизнесу и откроет двери иностранным инвесторам. Наиболее болезненные для бизнеса элементы валютного регулирования будут отменяться постепенно уже после вступления в силу закона. Например, по инвестированию за границу и внешнеэкономическим операциям.\r\nРанее мы подробно писали о законопроекте «Про валюту», который представил НБУ и о том, какие ограничения он снимает. Среди них:\r\n\r\nотмена ряда валютных ограничений,\r\nотмена ряда лицензий для финучреждений,\r\nснятие валютного контроля для операций, которые не превышают 150 000 грн,\r\nснятие ограничения, согласно которому конечный срок расчетов по операциям внешнеэкономической деятельности (ВЭД) — 180 дней,\r\nотмена наказание за нарушение сроков закрытия контрактов.\r\nОтметим, что проект №8152 — это доработанная администрацией президента с юридической точки зрения версия документа, предложенного НБУ. Как сообщили AIN.UA в Нацбанке, закон видоизменялся на протяжении всего времени с августа 2017 года.\r\n\r\nВ редакции законопроекта, рекомендованной профильным комитетом к принятию во втором чтении, предусмотрено, что при наличии признаков неустойчивого финансового состояния банковской системы, ухудшения состояния платежного баланса Украины и других кризисных явлений, которые будут угрожать финансовой стабильности, Правление НБУ сможет принимать решения о первичном введении мер защиты. Эти ограничения будут носить временный характер — до шести месяцев.', 'no-image.png', 125, NULL, '0', '0', '2018-06-23 22:36:11'),
(29, 3, 2, 'Украина поднялась на два пункта в рейтинге цифровой конкурентоспособности. Лидируют США', 'Швейцарская бизнес-школа IMD поставила Украину на 58 место (из 63) в рейтинге конкурентоспособности в цифровой среде. За год страна поднялась на две строчки. Ранее 58 позицию занимала Колумбия, которая переместилась на один пункт вниз. Теперь ближайшим соперником Украины являются Бразилия и Филиппины, находящиеся на 57 и 56 местах соответственно.\r\n\r\nДля ранжирования стран IMD сопоставляет их по трем направлениям: «Знания» (уровень обучения, образования и науки), «Технологии» (регуляторная среда, капитализация IT-отрасли, развитие интернет- и коммуникационных технологий), «Готовность к будущему» (готовность к цифровой трансформации). Всего используются 50 критериев, 30 из которых ссылаются на статистические данные. Оставшиеся 20 формируются по результатам опросов.\r\n\r\nКак сообщается в отчете, за год Украина показала улучшения в знаниях (с 45 на 39 место) и технологиях (с 62 на 61). «Готовность к будущему» осталась на прежней позиции и стоит на 61 месте в общем зачете. Рост категории «Знания» обеспечила лучшая работа с талантами, а технологический подъем спровоцирован резким скачком инвестиций в телеком-индустрию. По этому критерию Украина, на фоне проведения торгов за 4G-частоты, взлетела с 54 на 8 место.\r\nПри этом, Украину высоко оценили по критериям запуска бизнеса (30), скорости интернет-подключений (34 место), e-демократии (28 место), использованию больших данных (26 место). Традиционно сильным пунктом остается качество обучения: в Украине высокое соотношение учителей и учеников (18 место), много женщин исследователей (12-е место) и выпускников научных специальностей (18 место).\r\n\r\nПервое место в исследовании IMD заняли США, ранее находившиеся на третьей строчке. Десятка лидеров с указанием годовых изменений выглядит так:\r\n\r\nСША (+2)\r\nСингапур (-1)\r\nШвеция (-1)\r\nДания (+1)\r\nШвейцария (+3)\r\nНорвегия (+4)\r\nФинляндия (-3)\r\nКанада (+1)\r\nНидерланды (-3)\r\nВеликобритания (+1)\r\nНа пост-советском пространстве лидером стала Эстония, которая оказалась на 25 строчке. Литва заняла 29 место, Латвия — 35, Казахстан — 38, Россия — 40.\r\n\r\nНапомним, ранее AIN.UA сообщал, что Украина оказалась на 80 месте в глобальном рейтинге «ценности».', 'no-image.png', 256, NULL, '0', '0', '2018-06-21 05:17:39'),
(30, 3, 1, 'В Киеве новорожденных теперь можно регистрировать онлайн', 'Отныне в Киеве родители могут регистрировать новорожденных онлайн прямо в родильном отделении. Весь процесс займет несколько минут. Это пилотный проект Минюста, который вчера запустился в роддоме №5. Министерство планирует масштабировать его на весь Киев, а затем и в областные центры Украины.\r\n\r\nДля организации онлайн-регистрации новорожденных Минюст обеспечит регистраторов в родильных домах планшетами. С их помощью можно мгновенно направить информацию, необходимую для государственной регистрации малыша, регистрации места жительства, а также подать электронную заявку на получение помощи при рождении ребенка. Также прямо из роддома можно будет записаться в электронную очередь в детский сад.\r\nСвидетельства о рождении формируются в электронном виде. Если родители захотят получить бумажный вариант, они могут сделать это на следующий день в роддоме, заказав доставку курьером или лично посетить любой отдел ЗАГС по Украине.\r\n\r\n«Теперь наши специалисты будут приходить к роженицам с планшетами и помогать оформить необходимые документы, не выходя из больничной палаты». Министр юстиции Украины Павел Петренко.\r\n\r\nПроект по выдаче свидетельств о рождении непосредственно в роддоме стартовал в августе 2015 года. Сейчас эта услуга доступна в 472 родильных по всей стране. Однако в Минюсте решили упростить процесс еще сильнее.', 'no-image.png', 672, NULL, '0', '0', '2018-06-23 17:19:32'),
(31, 3, 2, 'Кабмин принял постановления о внедрении электронных чеков и замене кассовых аппаратов на смартфоны и планшеты', '13 июня на заседании Кабинета министров Украины приняли новые постановления об изменениях в порядке использования кассовых аппаратов (PPO). По данным Министерства экономического развития и торговли, в Украине ими пользуются 107 600 предпринимателей.  \r\n\r\nВскоре зарегистрировать их можно будет на основании заявления по упрощенной форме и без оплаты налогов. Процедура должна занимать не более одного рабочего дня. Также разрешат использовать вместо традиционных кассовых аппаратов современные мобильные устройства — смартфоны, планшеты, ноутбуки. \r\n\r\nПосмотреть изображение в Твиттере\r\nПо данным Кабмина, существующие кассовые аппараты стоят от 5 000 до 20 000 грн, а также требуют расходов порядка 200 грн/месяц на техническое обслуживание и ремонт. Их регистрация занимает до 5 дней и сопровождается бумажной волокитой — подачей заявок, технических паспортов и других документов.\r\n\r\nСогласно декабрьским постановлениям Кабмина, предельный размер годового объема без обязательного использования PPO увеличен с 200 000 до 500 000 грн.\r\n\r\nНапомним, ранее на AIN.UA выходил материал о том, что вошло в майский указ Кабмина о дерегуляции бизнеса.  ', 'no-image.png', 356, NULL, '0', '0', '2018-06-23 03:14:10'),
(32, 1, 1, 'Умер отец Майкла Джексона', 'Музыкальному продюсеру Джозефу Джексону было 89 лет. Он умер в окружении жены, детей и внуков.\r\nМузыкальный менеджер Джозеф Джексон, отец певца Майкла Джексона, скончался в Лос-Анджелесе. Об этом в среду, 27 июня, сообщает TMZ.\r\n\r\nОтмечается, что Джексону было 89 лет.\r\n\r\nВ июне его госпитализировали с терминальной стадией рака.\r\n\r\nДжексон умер в окружении жены, детей и внуков.\r\n\r\nК слову, в 2014 году Джозефа Джексона включили в Зал славы ритм-н-блюза. У него было десять детей. Все они, кроме умершего в младенчестве, стали профессиональными музыкантами.\r\n\r\nРанее сообщалось, что отец Майкла Джексона был госпитализирован со смертельным диагнозом. Вскоре Джозеф Джексон подтвердил слухи о своей скорой смерти.\r\n\r\n \r\n\r\nНовости от Корреспондент.net в Telegram. Подписывайтесь на наш канал https://t.me/korrespondentnet\r\n\r\nТЕГИ: РАК,  СМЕРТЬ,  ОНКОЛОГИЯ,  ОТЕЦ,  МАЙКЛ ДЖЕКСОН', 'no-image.png', 673, NULL, '0', '0', '2018-06-29 06:50:26'),
(33, 1, 2, 'Принц Чарльз наградил рыцарским титулом участника Bee Gees', 'Барри Гибб является последним живым участником британской диско-группы, основанной в 1958 году.\r\nПринц Чарльд даровал рыцарский титул единственному живому представителю диско-группы Bee Gees Барри Гиббу. Об этом пишет AOL.\r\n\r\n71-летний исполнитель, получив звание, заявил, что посвящает достижение своим братьям - Морису и Робину (умершим участникам группы).\r\n\r\n"Если бы не братья, я бы здесь не стоял. Надеюсь и молюсь, что они знают, что произошло и гордятся мной", - отметил музыкант.\r\n\r\nПо информации издания, титул Гибб получил за достижения в музыке и благотворительности. На счету его коллектива такие хиты, как  Night Fever, Stayin Alive, Jive Talkin, Words и другие.\r\n\r\nСаундтрек к фильму Лихорадка субботнего вечера, созданный из песен Bee Gees, 15 раз становился платиновым в США и возглавил чарт Billboard 200.\r\n\r\nРанее сообщалось, что экс-барабанщик группы The Beatles Ринго Старр стал рыцарем.', 'no-image.png', 467, NULL, '0', '0', '2018-06-28 17:28:11'),
(34, 1, 1, 'Умерший рэпер XXXTentacion лидировал в хит-параде Billboard', 'Впервые за последние 21 год лидером американского хит-парада Billboard Hot 100 стал покойный артист.\r\nРэпер XXXTentacion, который был убит 18 июня, лидировал в американском хит-параде Billboard Hot 100. Его композиция Sad! поднялась с 52-й позиции на первое место. Об этом пишет The Wrap.\r\n\r\nПо информации издания, последний раз покойным артистом возглавившим чарт был The Notorious B.I.G. с песней Mo Money Mo Problems в 1997 году.\r\n\r\nКомпозиция Sad! рэпера XXXTentacion к 21 июня насчитывала 48,9 миллионов прослушиваний на стриминговых сервисах. Также в топ-100 попали и десять других синглов певца.\r\n\r\nРэпер XXXTentacion был застрелен после нападения двух темногожих мужчин. На момент смерти ему было 20 лет. \r\n\r\nРанее сообщалось, что девушка убитого рэпера XXXTentacion заявила о своей беременности.', 'no-image.png', 787, NULL, '0', '0', '2018-06-29 02:09:09'),
(35, 1, 2, 'Отец Майкла Джексона подтвердил слухи о своей скорой смерти', 'Музыкальный продюсер разместил на своей странице в Сети сообщение, в котором намекнул на скорую кончину.\r\nОтец Майкла Джексона, 89-летний музыкальный продюсер Джо Джексон, подтвердил слухи о своей скорой смерти. На Twitter-странице он опубликовал сообщение, в котором "прозрачно" намекнул на верность информации.\r\n"Я видел больше закатов, чем мне осталось увидеть. Солнце встает, когда приходит время и, нравится тебе это или нет, заходит, когда приходит время", - отметил он.\r\n\r\nСвой пост он также сопроводил фотопортретом, на котором он запечатлен на фоне заката.\r\n\r\nРанее сообщалось, что отец Майкла Джексона был госпитализирован со смертельным диагнозом. По информации СМИ, отцу поп-легенды диагностирована четвертая стадия рака.', 'no-image.png', 763, NULL, '0', '0', '2018-06-27 07:11:07'),
(36, 1, 2, 'Назван вероятный город для проведения Евровидения-2019', 'В настоящее время самым главным претендентом среди городов является Тель-Авив, где расположена подходящая площадка.\r\nВласти Израиля заявили, что конкурс Евровидение 2019 вероятнее всего пройдет не в Иерусалиме, а в Тель-Авиве. Именно в этом городе расположена единственная подходящая площадка для мероприятий подобного уровня - один из павильонов городского Центра ярмарок. Об этом пишет Arutz Sheva 7.\r\n\r\nВ настоящее время идут переговоры между броадкастером Кан и ведомством по поводу финансирования мероприятия.\r\n\r\nОжидается, что на проведение Евровидения Израиль потратит от 16,6 до 22,1 миллиона долларов.\r\n\r\nПри этом окончательный выбор с местом проведения станет известен по итогам конкурса среди городов-претендентов, который проведут внутри страны.\r\n\r\nРанее сообщалось, что официально была подтверждена страна-хозяйка Евровидения-2019.', 'no-image.png', 256, NULL, '0', '0', '2018-06-27 03:27:18'),
(37, 1, 1, 'Борис Гребенщиков дал бесплатный концерт в Киеве', 'Выступление артиста началось 22 июня в 12:30. Прямая трансляция опубликована на странице исполнителя в Facebook.\r\nВ украинской столице 22 июня в 12:30 известный российский музыкант Борис Гребенщиков бесплатно выступил на Пейзажной алее. Видео эфира с уличным концертом было опубликовано на странице музыканта в Facebook.\r\nМини-выступление артиста было организовано напротив фундамента Десятинной церкви.\r\n\r\nИзвестно, что вечером в пятницу музыкант выступит в столичном Caribbean Club. Группа Аквариум, лидером которой он является, презентует свой новый альбом Время N.\r\n\r\nРанее сообщалось, что артист Борис Гребенщиков заявил, что не намерен выступать в Крыму.', 'no-image.png', 33, NULL, '1', '0', '2018-06-26 18:25:35'),
(38, 1, 1, 'aaaaaaaaaaaaaaaaaaaaaaaaaaaa', 'aaaaaaaaaaaaaaaaaaaaaaaaaaaaaaaaaaaaaaaaaaaaaaaaaaaaaaaaaaaaaaaaaaaaaaaaaaa', 'no-image.png', 0, NULL, '0', '0', '2018-08-22 00:00:00'),
(39, 1, 1, 'bbbbbbbbbbbbbbbbbbbbbbbbbbbbbbb', 'bbbbbbbbbbbbbbbbbbbbbbbbbbbbbbb', 'no-image.png', 1, NULL, '0', '0', '2018-08-23 00:00:00'),
(40, 1, 1, 'ccccccccccccccccccccccccccccccccccc', 'cccccccccccccccccccccccccccccccccccccccccccccccccccccccccccccccccccccccccccccccccccccccccccccccccccccccccccccccccccccccccccccccccccccccc', 'no-image.png', 0, NULL, '0', '0', '2018-08-22 00:00:00'),
(41, 1, 1, 'dddddddddddddddddddddddddd', 'dddddddddddddddddddddddddddddddddddddddddddddddddddddddddddddddddddddddddddd', 'no-image.png', 0, NULL, '0', '0', '2018-08-22 00:00:00'),
(42, 1, 1, 'eeeeeeeeeeeeeeeeeeeeeeeeeeeeeee', 'eeeeeeeeeeeeeeeeeeeeeeeeeeeeeeeeeeeeeeeeeeeeeeeeeeeeeeeeeeeeeeeeeeeeeeeeeeeeeeeeeeeeee', 'no-image.png', 0, NULL, '0', '0', '2018-08-15 00:00:00'),
(43, 1, 1, 'fffffffffffffffffffffffffffff', 'fffffffffffffffffffffffffffffffffffffffffff', 'no-image.png', 1, NULL, '0', '0', '2018-08-15 00:00:00'),
(44, 1, 1, 'ggggggggggggggggggggggggggggggggg', 'ggggggggggggggggggggggggggggggggggggggggggggggggggggggggggggggggggggggggggggggggggggggggggg', 'no-image.png', 1, NULL, '0', '0', '2018-08-21 00:00:00'),
(45, 1, 2, 'test', 'test-test', '', 0, 'test', '1', '0', '2018-08-12 15:24:05'),
(46, 1, 1, 'test1', 'test1', '', 0, 'test', '0', '0', '2018-08-12 15:30:42'),
(47, 1, 3, 'test2', 'test2', '', 0, 'test2', '0', '0', '2018-08-12 15:31:01'),
(48, 1, 3, 'test3', 'test3', '', 0, 'test3', '0', '0', '2018-08-12 15:31:17'),
(49, 1, 1, 'test4', 'test4', '', 0, 'test4', '0', '0', '2018-08-12 15:31:35'),
(50, 1, 2, 'test5', 'Test5', '', 0, 'test', '0', '0', '2018-08-12 15:31:53'),
(51, 1, 2, 'test6', 'test6', '', 0, 'test', '0', '0', '2018-08-12 15:32:11'),
(52, 1, 2, 'test7', 'Test7', '', 0, 'test', '0', '0', '2018-08-12 15:35:59'),
(53, 1, 2, 'test8', 'test8', '', 0, 'test', '0', '0', '2018-08-12 15:36:14'),
(54, 1, 3, 'test9', 'test9', '', 0, 'test', '0', '0', '2018-08-12 15:36:30'),
(55, 1, 3, 'test10', 'test10', '', 0, 'test', '0', '0', '2018-08-12 15:36:50');

-- --------------------------------------------------------

--
-- Table structure for table `tag`
--

CREATE TABLE `tag` (
  `id` int(11) NOT NULL,
  `tag_name` varchar(255) NOT NULL
) ENGINE=InnoDB DEFAULT CHARSET=utf8;

--
-- Dumping data for table `tag`
--

INSERT INTO `tag` (`id`, `tag_name`) VALUES
(1, 'украина'),
(2, 'машины'),
(3, 'страны'),
(4, 'законы'),
(5, 'крипта'),
(6, 'успех'),
(7, 'успешные'),
(8, 'успеть'),
(9, 'успешные люди'),
(10, 'успешные страны'),
(11, 'успешный бизнес'),
(12, 'успешные компании'),
(13, 'успешные людишки');

-- --------------------------------------------------------

--
-- Table structure for table `user`
--

CREATE TABLE `user` (
  `id` int(11) NOT NULL,
  `name` varchar(255) NOT NULL,
  `email` varchar(255) NOT NULL,
  `password` varchar(255) NOT NULL,
  `image` varchar(255) NOT NULL DEFAULT 'no-image.png'
) ENGINE=InnoDB DEFAULT CHARSET=utf8;

--
-- Dumping data for table `user`
--

INSERT INTO `user` (`id`, `name`, `email`, `password`, `image`) VALUES
(1, 'West', 'vlad@gmail.com', '1234', 'no-image.png'),
(2, 'Anton', 'anton@mail.ru', '1234', 'no-image.png'),
(3, 'user-3', 'sf@dsv.df', 'dfwe23', 'no-image.png'),
(4, 'user-4', 'qafd@adsf.de', '23r32', 'no-image.png'),
(5, 'Admin', 'admin@gmail.com', 'secret', 'no-image.png');

--
-- Indexes for dumped tables
--

--
-- Indexes for table `category`
--
ALTER TABLE `category`
  ADD PRIMARY KEY (`id`);

--
-- Indexes for table `comment`
--
ALTER TABLE `comment`
  ADD PRIMARY KEY (`id`);

--
-- Indexes for table `likes`
--
ALTER TABLE `likes`
  ADD PRIMARY KEY (`id`);

--
-- Indexes for table `news`
--
ALTER TABLE `news`
  ADD PRIMARY KEY (`id`);

--
-- Indexes for table `tag`
--
ALTER TABLE `tag`
  ADD PRIMARY KEY (`id`);

--
-- Indexes for table `user`
--
ALTER TABLE `user`
  ADD PRIMARY KEY (`id`);

--
-- AUTO_INCREMENT for dumped tables
--

--
-- AUTO_INCREMENT for table `category`
--
ALTER TABLE `category`
  MODIFY `id` int(11) NOT NULL AUTO_INCREMENT, AUTO_INCREMENT=8;
--
-- AUTO_INCREMENT for table `comment`
--
ALTER TABLE `comment`
  MODIFY `id` int(11) NOT NULL AUTO_INCREMENT, AUTO_INCREMENT=461;
--
-- AUTO_INCREMENT for table `likes`
--
ALTER TABLE `likes`
  MODIFY `id` int(11) NOT NULL AUTO_INCREMENT, AUTO_INCREMENT=108;
--
-- AUTO_INCREMENT for table `news`
--
ALTER TABLE `news`
  MODIFY `id` int(11) NOT NULL AUTO_INCREMENT, AUTO_INCREMENT=56;
--
-- AUTO_INCREMENT for table `tag`
--
ALTER TABLE `tag`
  MODIFY `id` int(11) NOT NULL AUTO_INCREMENT, AUTO_INCREMENT=14;
--
-- AUTO_INCREMENT for table `user`
--
ALTER TABLE `user`
  MODIFY `id` int(11) NOT NULL AUTO_INCREMENT, AUTO_INCREMENT=6;
/*!40101 SET CHARACTER_SET_CLIENT=@OLD_CHARACTER_SET_CLIENT */;
/*!40101 SET CHARACTER_SET_RESULTS=@OLD_CHARACTER_SET_RESULTS */;
/*!40101 SET COLLATION_CONNECTION=@OLD_COLLATION_CONNECTION */;
